{
  "mean": [
    0.23338398337364197,
    8.283987881441135e-06,
    0.9194236397743225,
    0.03613164648413658,
    0.16287636756896973,
    0.20678146183490753,
    0.10973233729600906,
    0.2781396806240082,
    0.3070918321609497,
    0.2757086455821991,
    -1.4231348359317053e-05,
    0.27992334961891174,
    -7.56937442929484e-05,
    -3.193739030393772e-05,
    -6.583415233762935e-05
  ],
  "std": [
    0.2020568698644638,
    0.019990989938378334,
    1.3663945198059082,
    0.03766133263707161,
    0.13591589033603668,
    0.07060752063989639,
    0.032970260828733444,
    0.047106169164180756,
    0.07085202634334564,
    0.05021533742547035,
    0.020007643848657608,
    0.04476301372051239,
    0.020003605633974075,
    0.019963983446359634,
    0.020036958158016205
  ],
  "metric_cols": [
    "request_rate",
    "error_rate_5xx",
    "latency_p99",
    "cpu_usage_cores",
    "memory_working_set_bytes",
    "cpu_limit",
    "memory_limit",
    "desired_replicas",
    "current_replicas",
    "ready_replicas",
    "restart_count",
    "app_instance_count"
  ]
}