{"alpha": 0.09999999999999998, "q": 0.08265669266382854}