{"alpha": 0.09999999999999998, "q": 0.5468633584181468}